{"healthValues": {"P1": 198.04507753374241, "P2": 205.35854741070597}, "lives": {"P1": 3, "P2": 3}}