{"healthValues": {"P1": 75.42146287201696, "P2": 201.92071983084026}, "lives": {"P1": 2, "P2": 2}}